{"cameraMode":{"drawMode":0,"name":"Shaded","section":"Shading Mode"},"sceneLighting":false,"audioPlay":false,"sceneViewState":{"showFog":true,"showMaterialUpdate":true,"showSkybox":true,"showFlares":true,"showImageEffects":true,"showParticleSystems":true},"in2DMode":false,"pivot":{"x":-0.820276141166687,"y":4.659765720367432,"z":-4.413761138916016},"rotation":{"x":0.03515119105577469,"y":-0.6644970774650574,"z":0.03132370114326477,"w":0.7458062171936035},"size":13.370482444763184,"orthographic":true}