{"cameraMode":{"drawMode":0,"name":"Shaded","section":"Shading Mode"},"sceneLighting":false,"audioPlay":false,"sceneViewState":{"showFog":true,"showMaterialUpdate":true,"showSkybox":true,"showFlares":true,"showImageEffects":true,"showParticleSystems":true},"in2DMode":false,"pivot":{"x":-1.0070453882217408,"y":1.82961905002594,"z":6.52472448348999},"rotation":{"x":-0.016721101477742196,"y":0.09614665061235428,"z":-0.0016145446570590139,"w":-0.9952253699302673},"size":6.30000114440918,"orthographic":false}