{"cameraMode":{"drawMode":0,"name":"Shaded","section":"Shading Mode"},"sceneLighting":false,"audioPlay":false,"sceneViewState":{"showFog":true,"showMaterialUpdate":true,"showSkybox":true,"showFlares":true,"showImageEffects":true,"showParticleSystems":true},"in2DMode":false,"pivot":{"x":5.604610919952393,"y":5.547646522521973,"z":-2.854710578918457},"rotation":{"x":-0.17150598764419557,"y":0.1664063036441803,"z":-0.02941206470131874,"w":-0.970582127571106},"size":22.989999771118165,"orthographic":true}