{"cameraMode":{"drawMode":0,"name":"Shaded","section":"Shading Mode"},"sceneLighting":false,"audioPlay":false,"sceneViewState":{"showFog":true,"showMaterialUpdate":true,"showSkybox":true,"showFlares":true,"showImageEffects":true,"showParticleSystems":true},"in2DMode":false,"pivot":{"x":-0.017488159239292146,"y":3.5301918983459474,"z":3.502941608428955},"rotation":{"x":-0.013765214011073113,"y":-0.06745407730340958,"z":-0.0009380531846545637,"w":0.9976270198822022},"size":1.171724557876587,"orthographic":false}